{"cameraMode":{"drawMode":0,"name":"Shaded","section":"Shading Mode"},"sceneLighting":true,"audioPlay":false,"sceneViewState":{"m_AlwaysRefresh":false,"showFog":true,"showSkybox":true,"showFlares":true,"showImageEffects":true,"showParticleSystems":true,"showVisualEffectGraphs":true,"m_FxEnabled":false},"in2DMode":false,"pivot":{"x":-32.855926513671878,"y":-45.516075134277347,"z":-7.010290145874023},"rotation":{"x":0.34169623255729678,"y":-0.029892124235630037,"z":0.01087930891662836,"w":0.9392911791801453},"size":66.14110565185547,"orthographic":false}